concept_id,concept_name,domain_id,vocabulary_id,concept_class_id,standard_concept,concept_code,valid_start_date,valid_end_date,invalid_reason
0,No matching concept,Metadata,None,Undefined,,No matching concept,1970-01-01,2099-12-31,
5001,Test ordered through EHR,Type Concept,Meas Type,Meas Type,,OMOP4822277,1970-01-01,2099-12-31,
8507,MALE,Gender,Gender,Gender,S,M,1970-01-01,2099-12-31,
8515,Asian,Race,Race,Race,S,2,1970-01-01,2099-12-31,
8516,Black or African American,Race,Race,Race,S,3,1970-01-01,2099-12-31,
8527,White,Race,Race,Race,S,5,1970-01-01,2099-12-31,
8532,FEMALE,Gender,Gender,Gender,S,F,1970-01-01,2099-12-31,
9201,Inpatient Visit,Visit,Visit,Visit,S,IP,1970-01-01,2099-12-31,
9202,Outpatient Visit,Visit,Visit,Visit,S,OP,1970-01-01,2099-12-31,
9203,Emergency Room Visit,Visit,Visit,Visit,S,ER,1970-01-01,2099-12-31,
28060,Streptococcal sore throat,Condition,SNOMED,Disorder,S,43878008,2002-01-31,2099-12-31,
32020,EHR encounter diagnosis,Type Concept,Condition Type,Condition Type,,OMOP4822160,1970-01-01,2099-12-31,
75036,"Localized, primary osteoarthritis of the hand",Condition,SNOMED,Disorder,S,201834006,2002-01-31,2099-12-31,
78272,Sprain of wrist,Condition,SNOMED,Disorder,S,70704007,2002-01-31,2099-12-31,
79740,Overlapping malignant neoplasm of colon,Condition,SNOMED,Disorder,S,109838007,2002-01-31,2099-12-31,
80502,Osteoporosis,Condition,SNOMED,Disorder,S,64859006,2002-01-31,2099-12-31,
80809,Rheumatoid arthritis,Condition,SNOMED,Disorder,S,69896004,2002-01-31,2099-12-31,
81151,Sprain of ankle,Condition,SNOMED,Disorder,S,44465007,2002-01-31,2099-12-31,
133834,Atopic dermatitis,Condition,SNOMED,Disorder,S,24079001,2002-01-31,2099-12-31,
134438,Contact dermatitis,Condition,SNOMED,Disorder,S,40275004,2002-01-31,2099-12-31,
137613,Eclampsia in pregnancy,Condition,SNOMED,Disorder,S,198992004,2002-01-31,2099-12-31,
140673,Hypothyroidism,Condition,SNOMED,Disorder,S,40930008,2002-01-31,2099-12-31,
192279,Disorder of kidney due to diabetes mellitus,Condition,SNOMED,Disorder,S,127013003,2002-01-31,2099-12-31,
195588,Cystitis,Condition,SNOMED,Disorder,S,38822007,2002-01-31,2099-12-31,
196456,Gallstone,Condition,SNOMED,Disorder,S,235919008,2002-01-31,2099-12-31,
197500,Primary malignant neoplasm of colon,Condition,SNOMED,Disorder,S,93761005,2002-01-31,2099-12-31,
198199,Pyelonephritis,Condition,SNOMED,Disorder,S,45816000,2002-01-31,2099-12-31,
198809,Acute cholecystitis,Condition,SNOMED,Disorder,S,65275009,2002-01-31,2099-12-31,
199076,Tubal pregnancy,Condition,SNOMED,Disorder,S,79586000,2002-01-31,2099-12-31,
200970,Carcinoma in situ of prostate,Condition,SNOMED,Disorder,S,92691004,2002-01-31,2099-12-31,
201826,Type 2 diabetes mellitus,Condition,SNOMED,Disorder,S,44054006,2002-01-31,2099-12-31,
255848,Pneumonia,Condition,SNOMED,Disorder,S,233604007,2002-01-31,2099-12-31,
257012,Chronic sinusitis,Condition,SNOMED,Disorder,S,40055000,2002-01-31,2099-12-31,
258780,Emphysematous bronchitis,Condition,SNOMED,Disorder,S,185086009,2002-01-31,2099-12-31,
260139,Acute bronchitis,Condition,SNOMED,Disorder,S,10509002,2002-01-31,2099-12-31,
261325,Pulmonary emphysema,Condition,SNOMED,Disorder,S,87433001,2002-01-31,2099-12-31,
313217,Atrial fibrillation,Condition,SNOMED,Disorder,S,49436004,2002-01-31,2099-12-31,
316866,Hypertensive disorder,Condition,SNOMED,Disorder,S,38341003,2002-01-31,2099-12-31,
317009,Asthma,Condition,SNOMED,Disorder,S,195967001,2002-01-31,2099-12-31,
317576,Coronary arteriosclerosis,Condition,SNOMED,Disorder,S,53741008,2002-01-31,2099-12-31,
321042,Cardiac arrest,Condition,SNOMED,Disorder,S,410429000,2004-07-31,2099-12-31,
372328,Otitis media,Condition,SNOMED,Disorder,S,65363002,2002-01-31,2099-12-31,
375671,Concussion with loss of consciousness,Condition,SNOMED,Disorder,S,62564004,2002-01-31,2099-12-31,
378001,Concussion with no loss of consciousness,Condition,SNOMED,Disorder,S,62106007,2002-01-31,2099-12-31,
378419,Alzheimer's disease,Condition,SNOMED,Disorder,S,26929004,2002-01-31,2099-12-31,
380378,Epilepsy,Condition,SNOMED,Disorder,S,84757009,2002-01-31,2099-12-31,
381316,Cerebrovascular accident,Condition,SNOMED,Disorder,S,230690007,2002-01-31,2099-12-31,
432867,Hyperlipidemia,Condition,SNOMED,Disorder,S,55822004,2002-01-31,2099-12-31,
433644,Allergy to shellfish,Observation,SNOMED,Clinical Finding,,300913006,2002-01-31,2099-12-31,
436096,Chronic pain,Condition,SNOMED,Clinical Finding,S,82423001,2002-01-31,2099-12-31,
436676,Posttraumatic stress disorder,Condition,SNOMED,Disorder,S,47505003,2002-01-31,2099-12-31,
436940,Metabolic syndrome X,Condition,SNOMED,Disorder,S,237602007,2002-01-31,2099-12-31,
438130,Opioid abuse,Condition,SNOMED,Disorder,S,5602001,2002-01-31,2099-12-31,
438614,Allergy to nut,Observation,SNOMED,Clinical Finding,,91934008,2002-01-31,2099-12-31,
439393,Pre-eclampsia,Condition,SNOMED,Disorder,S,398254007,2003-07-31,2099-12-31,
439406,Allergy to animal dander,Observation,SNOMED,Clinical Finding,,232347008,2002-01-31,2022-04-30,U
439777,Anemia,Condition,SNOMED,Disorder,S,271737000,2002-01-31,2099-12-31,
440086,Child attention deficit disorder,Condition,SNOMED,Disorder,S,192127007,2002-01-31,2099-12-31,
440448,Appendicitis,Condition,SNOMED,Disorder,S,74400008,2002-01-31,2099-12-31,
440674,Gout,Condition,SNOMED,Disorder,S,90560007,2002-01-31,2099-12-31,
442116,Allergy to edible egg,Observation,SNOMED,Clinical Finding,,91930004,2002-01-31,2020-07-31,D
443597,Chronic kidney disease stage 3,Condition,SNOMED,Disorder,S,433144002,2008-07-31,2099-12-31,
443601,Chronic kidney disease stage 2,Condition,SNOMED,Disorder,S,431856006,2008-07-31,2099-12-31,
443614,Chronic kidney disease stage 1,Condition,SNOMED,Disorder,S,431855005,2008-07-31,2099-12-31,
444094,Finding related to pregnancy,Condition,SNOMED,Clinical Finding,S,118185001,2002-01-31,2099-12-31,
581452,Dispensed in Outpatient office,Type Concept,Drug Type,Drug Type,,OMOP4822253,1970-01-01,2099-12-31,
701322,memantine,Drug,RxNorm,Ingredient,S,6719,1970-01-01,2099-12-31,
705944,methylphenidate,Drug,RxNorm,Ingredient,S,6901,1970-01-01,2099-12-31,
708298,midazolam,Drug,RxNorm,Ingredient,S,6960,1970-01-01,2099-12-31,
715997,donepezil,Drug,RxNorm,Ingredient,S,135447,1970-01-01,2099-12-31,
718583,nicotine,Drug,RxNorm,Ingredient,S,7407,1970-01-01,2099-12-31,
723013,diazepam,Drug,RxNorm,Ingredient,S,3322,1970-01-01,2099-12-31,
738818,doxylamine,Drug,RxNorm,Ingredient,S,3642,1970-01-01,2099-12-31,
739138,sertraline,Drug,RxNorm,Ingredient,S,36437,1970-01-01,2099-12-31,
740275,carbamazepine,Drug,RxNorm,Ingredient,S,2002,1970-01-01,2099-12-31,
742185,atomoxetine,Drug,RxNorm,Ingredient,S,38400,1970-01-01,2099-12-31,
753626,propofol,Drug,RxNorm,Ingredient,S,8782,1970-01-01,2099-12-31,
755695,fluoxetine,Drug,RxNorm,Ingredient,S,4493,1970-01-01,2099-12-31,
757627,galantamine,Drug,RxNorm,Ingredient,S,4637,1970-01-01,2099-12-31,
782043,isoflurane,Drug,RxNorm,Ingredient,S,6026,1970-01-01,2099-12-31,
782047,isoflurane 999 MG/ML Inhalation Solution,Drug,RxNorm,Clinical Drug,S,542347,2005-09-11,2099-12-31,
836654,tacrine,Drug,RxNorm,Ingredient,S,10318,1970-01-01,2099-12-31,
836659,tacrine 10 MG Oral Capsule,Drug,RxNorm,Clinical Drug,S,313185,1970-01-01,2099-12-31,
914335,atropine,Drug,RxNorm,Ingredient,S,1223,1970-01-01,2099-12-31,
920293,nitrofurantoin,Drug,RxNorm,Ingredient,S,7454,1970-01-01,2099-12-31,
920300,nitrofurantoin 5 MG/ML Oral Suspension,Drug,RxNorm,Clinical Drug,S,311989,1970-01-01,2099-12-31,
920334,"nitrofurantoin, macrocrystals 50 MG Oral Capsule",Drug,RxNorm,Clinical Drug,S,311995,1970-01-01,2099-12-31,
933724,phenazopyridine,Drug,RxNorm,Ingredient,S,8120,1970-01-01,2099-12-31,
956874,furosemide,Drug,RxNorm,Ingredient,S,4603,1970-01-01,2099-12-31,
957138,furosemide 40 MG,Drug,RxNorm,Clinical Drug Comp,S,315971,1970-01-01,2099-12-31,
964261,vitamin B12 5 MG/ML Injectable Solution,Drug,RxNorm,Clinical Drug,S,2001499,2018-04-02,2099-12-31,
967823,sodium chloride,Drug,RxNorm,Ingredient,S,9863,1970-01-01,2099-12-31,
974166,hydrochlorothiazide,Drug,RxNorm,Ingredient,S,5487,1970-01-01,2099-12-31,
975125,hydrocortisone,Drug,RxNorm,Ingredient,S,5492,1970-01-01,2099-12-31,
1000560,ondansetron,Drug,RxNorm,Ingredient,S,26225,1970-01-01,2099-12-31,
1101554,colchicine,Drug,RxNorm,Ingredient,S,2683,1970-01-01,2099-12-31,
1102527,meperidine,Drug,RxNorm,Ingredient,S,6754,1970-01-01,2099-12-31,
1107830,loratadine,Drug,RxNorm,Ingredient,S,28889,1970-01-01,2099-12-31,
1107882,loratadine 10 MG Oral Tablet,Drug,RxNorm,Clinical Drug,S,311372,1970-01-01,2099-12-31,
1110410,morphine,Drug,RxNorm,Ingredient,S,7052,1970-01-01,2099-12-31,
1112807,aspirin,Drug,RxNorm,Ingredient,S,1191,1970-01-01,2099-12-31,
1115008,naproxen,Drug,RxNorm,Ingredient,S,7258,1970-01-01,2099-12-31,
1115171,naproxen sodium 220 MG Oral Tablet,Drug,RxNorm,Clinical Drug,S,849574,2009-05-31,2099-12-31,
1119510,dextromethorphan,Drug,RxNorm,Ingredient,S,3289,1970-01-01,2099-12-31,
1124957,oxycodone,Drug,RxNorm,Ingredient,S,7804,1970-01-01,2099-12-31,
1125315,acetaminophen,Drug,RxNorm,Ingredient,S,161,1970-01-01,2099-12-31,
1127078,acetaminophen 160 MG Oral Tablet,Drug,RxNorm,Clinical Drug,S,282464,1970-01-01,2099-12-31,
1127433,acetaminophen 325 MG Oral Tablet,Drug,RxNorm,Clinical Drug,S,313782,1970-01-01,2099-12-31,
1129625,diphenhydramine,Drug,RxNorm,Ingredient,S,3498,1970-01-01,2099-12-31,
1137529,salmeterol,Drug,RxNorm,Ingredient,S,36117,1970-01-01,2099-12-31,
1149196,cetirizine,Drug,RxNorm,Ingredient,S,20610,1970-01-01,2099-12-31,
1149380,fluticasone,Drug,RxNorm,Ingredient,S,41126,1970-01-01,2099-12-31,
1150770,astemizole,Drug,RxNorm,Ingredient,S,42328,1970-01-01,2099-12-31,
1150771,astemizole 10 MG Oral Tablet,Drug,RxNorm,Clinical Drug,S,197378,1970-01-01,2099-12-31,
1150836,terfenadine,Drug,RxNorm,Ingredient,S,42330,1970-01-01,2099-12-31,
1150837,terfenadine 60 MG Oral Tablet,Drug,RxNorm,Clinical Drug,S,141918,1970-01-01,2099-12-31,
1153428,fexofenadine,Drug,RxNorm,Ingredient,S,87636,1970-01-01,2099-12-31,
1154343,albuterol,Drug,RxNorm,Ingredient,S,435,1970-01-01,2099-12-31,
1154615,200 ACTUAT albuterol 0.09 MG/ACTUAT Metered Dose Inhaler,Drug,RxNorm,Quant Clinical Drug,S,745679,2007-12-30,2099-12-31,
1167322,allopurinol,Drug,RxNorm,Ingredient,S,519,1970-01-01,2099-12-31,
1167323,allopurinol 100 MG Oral Tablet,Drug,RxNorm,Clinical Drug,S,197319,1970-01-01,2099-12-31,
1174888,hydrocodone,Drug,RxNorm,Ingredient,S,5489,1970-01-01,2099-12-31,
1177480,ibuprofen,Drug,RxNorm,Ingredient,S,5640,1970-01-01,2099-12-31,
1192710,chlorpheniramine,Drug,RxNorm,Ingredient,S,2400,1970-01-01,2099-12-31,
1305058,methotrexate,Drug,RxNorm,Ingredient,S,6851,1970-01-01,2099-12-31,
1307046,metoprolol,Drug,RxNorm,Ingredient,S,6918,1970-01-01,2099-12-31,
1307863,verapamil,Drug,RxNorm,Ingredient,S,11170,1970-01-01,2099-12-31,
1308738,vitamin B12,Drug,RxNorm,Ingredient,S,11248,1970-01-01,2099-12-31,
1309944,amiodarone,Drug,RxNorm,Ingredient,S,703,1970-01-01,2099-12-31,
1310034,3 ML amiodarone hydrochloride 50 MG/ML Prefilled Syringe,Drug,RxNorm,Quant Clinical Drug,S,834357,2009-03-01,2099-12-31,
1310149,warfarin,Drug,RxNorm,Ingredient,S,11289,1970-01-01,2099-12-31,
1315942,docetaxel,Drug,RxNorm,Ingredient,S,72962,1970-01-01,2099-12-31,
1318011,oxaliplatin,Drug,RxNorm,Ingredient,S,32592,1970-01-01,2099-12-31,
1322184,clopidogrel,Drug,RxNorm,Ingredient,S,32968,1970-01-01,2099-12-31,
1326303,digoxin,Drug,RxNorm,Ingredient,S,3407,1970-01-01,2099-12-31,
1332418,amlodipine,Drug,RxNorm,Ingredient,S,17767,1970-01-01,2099-12-31,
1332419,amlodipine 5 MG Oral Tablet,Drug,RxNorm,Clinical Drug,S,197361,1970-01-01,2099-12-31,
1343916,epinephrine,Drug,RxNorm,Ingredient,S,3992,1970-01-01,2099-12-31,
1347450,alteplase,Drug,RxNorm,Ingredient,S,8410,1970-01-01,2099-12-31,
1350504,etoposide,Drug,RxNorm,Ingredient,S,4179,1970-01-01,2099-12-31,
1351541,leuprolide,Drug,RxNorm,Ingredient,S,42375,1970-01-01,2099-12-31,
1351705,0.25 ML leuprolide acetate 30 MG/ML Prefilled Syringe,Drug,RxNorm,Quant Clinical Drug,S,752899,2008-01-27,2099-12-31,
1361711,nitroglycerin,Drug,RxNorm,Ingredient,S,4917,1970-01-01,2099-12-31,
1367571,heparin,Drug,RxNorm,Ingredient,S,5224,1970-01-01,2099-12-31,
1378382,paclitaxel,Drug,RxNorm,Ingredient,S,56946,1970-01-01,2099-12-31,
1378388,paclitaxel 100 MG Injection,Drug,RxNorm,Clinical Drug,S,583214,2005-11-13,2099-12-31,
1388796,leucovorin,Drug,RxNorm,Ingredient,S,6313,1970-01-01,2099-12-31,
1396131,ferrous sulfate,Drug,RxNorm,Ingredient,S,24947,1970-01-01,2099-12-31,
1397599,cisplatin,Drug,RxNorm,Ingredient,S,2555,1970-01-01,2099-12-31,
1500211,medroxyprogesterone,Drug,RxNorm,Ingredient,S,6691,1970-01-01,2099-12-31,
1501700,levothyroxine,Drug,RxNorm,Ingredient,S,10582,1970-01-01,2099-12-31,
1503184,mestranol,Drug,RxNorm,Ingredient,S,6782,1970-01-01,2099-12-31,
1503297,metformin,Drug,RxNorm,Ingredient,S,6809,1970-01-01,2099-12-31,
1512674,drospirenone,Drug,RxNorm,Ingredient,S,11636,1970-01-01,2099-12-31,
1515774,norgestimate,Drug,RxNorm,Ingredient,S,31994,1970-01-01,2099-12-31,
1518198,norelgestromin,Drug,RxNorm,Ingredient,S,326374,1970-01-01,2099-12-31,
1519936,etonogestrel,Drug,RxNorm,Ingredient,S,14584,1970-01-01,2099-12-31,
1519937,etonogestrel 68 MG Drug Implant,Drug,RxNorm,Clinical Drug,S,389221,1970-01-01,2099-12-31,
1521369,norethindrone,Drug,RxNorm,Ingredient,S,7514,1970-01-01,2099-12-31,
1539403,simvastatin,Drug,RxNorm,Ingredient,S,36567,1970-01-01,2099-12-31,
1539411,simvastatin 20 MG Oral Tablet,Drug,RxNorm,Clinical Drug,S,312961,1970-01-01,2099-12-31,
1539464,simvastatin 10 MG,Drug,RxNorm,Clinical Drug Comp,S,316672,1970-01-01,2099-12-31,
1545958,atorvastatin,Drug,RxNorm,Ingredient,S,83367,1970-01-01,2099-12-31,
1545959,atorvastatin 80 MG Oral Tablet,Drug,RxNorm,Clinical Drug,S,259255,1970-01-01,2099-12-31,
1548195,estradiol,Drug,RxNorm,Ingredient,S,4083,1970-01-01,2099-12-31,
1549786,ethinyl estradiol,Drug,RxNorm,Ingredient,S,4124,1970-01-01,2099-12-31,
1550023,insulin lispro,Drug,RxNorm,Ingredient,S,86009,1970-01-01,2099-12-31,
1551099,prednisone,Drug,RxNorm,Ingredient,S,8640,1970-01-01,2099-12-31,
1551192,prednisone 5 MG Oral Tablet,Drug,RxNorm,Clinical Drug,S,312617,1970-01-01,2099-12-31,
1557272,alendronate,Drug,RxNorm,Ingredient,S,46041,1970-01-01,2099-12-31,
1589505,levonorgestrel,Drug,RxNorm,Ingredient,S,6373,1970-01-01,2099-12-31,
1594382,NDA020800 0.3 ML epinephrine 1 MG/ML Auto-Injector,Drug,RxNorm,Clinical Drug,S,1870230,2017-08-07,2099-12-31,
1595799,ferrous fumarate,Drug,RxNorm,Ingredient,S,24941,1970-01-01,2099-12-31,
1596977,"insulin, regular, human",Drug,RxNorm,Ingredient,S,253182,1970-01-01,2099-12-31,
1713332,amoxicillin,Drug,RxNorm,Ingredient,S,723,1970-01-01,2099-12-31,
1713671,amoxicillin 250 MG / clavulanate 125 MG Oral Tablet,Drug,RxNorm,Clinical Drug,S,562251,2005-09-11,2099-12-31,
1717327,ampicillin,Drug,RxNorm,Ingredient,S,733,1970-01-01,2099-12-31,
1718412,levonorgestrel 0.000729 MG/HR Intrauterine System [Kyleena],Drug,RxNorm,Branded Drug,S,1856546,2017-01-03,2099-12-31,
1718701,Abuse-Deterrent 12 HR oxycodone hydrochloride 15 MG Extended Release Oral Tablet,Drug,RxNorm,Clinical Drug,S,1860154,2017-01-03,2099-12-31,
1718758,1 ML docetaxel 20 MG/ML Injection,Drug,RxNorm,Quant Clinical Drug,S,1860480,2017-01-03,2099-12-31,
1728416,penicillin G,Drug,RxNorm,Ingredient,S,7980,1970-01-01,2099-12-31,
1729720,penicillin V,Drug,RxNorm,Ingredient,S,7984,1970-01-01,2099-12-31,
1738521,doxycycline,Drug,RxNorm,Ingredient,S,3640,1970-01-01,2099-12-31,
1741122,tazobactam,Drug,RxNorm,Ingredient,S,37617,1970-01-01,2099-12-31,
1746114,piperacillin,Drug,RxNorm,Ingredient,S,8339,1970-01-01,2099-12-31,
1759842,clavulanate,Drug,RxNorm,Ingredient,S,48203,1970-01-01,2099-12-31,
1768849,cefaclor,Drug,RxNorm,Ingredient,S,2176,1970-01-01,2099-12-31,
1778162,cefuroxime,Drug,RxNorm,Ingredient,S,2194,1970-01-01,2099-12-31,
3000285,Sodium [Moles/volume] in Blood,Measurement,LOINC,Lab Test,S,2947-0,1970-01-01,2099-12-31,
3000330,Specific gravity of Urine by Test strip,Measurement,LOINC,Lab Test,S,5811-5,1970-01-01,2099-12-31,
3000348,Leukocyte esterase [Presence] in Urine by Test strip,Measurement,LOINC,Lab Test,S,5799-2,1970-01-01,2099-12-31,
3000483,Glucose [Mass/volume] in Blood,Measurement,LOINC,Lab Test,S,2339-0,1970-01-01,2099-12-31,
3000876,Codfish IgE Ab [Units/volume] in Serum,Measurement,LOINC,Lab Test,S,6082-2,1970-01-01,2099-12-31,
3000905,Leukocytes [#/volume] in Blood by Automated count,Measurement,LOINC,Lab Test,S,6690-2,1970-01-01,2099-12-31,
3000963,Hemoglobin [Mass/volume] in Blood,Measurement,LOINC,Lab Test,S,718-7,1970-01-01,2099-12-31,
3001247,Common Ragweed IgE Ab [Units/volume] in Serum,Measurement,LOINC,Lab Test,S,6085-5,1970-01-01,2099-12-31,
3001488,Cow milk IgE Ab [Units/volume] in Serum,Measurement,LOINC,Lab Test,S,7258-7,1970-01-01,2099-12-31,
3001802,Microalbumin/Creatinine [Mass Ratio] in Urine,Measurement,LOINC,Lab Test,S,14959-1,1970-01-01,2099-12-31,
3002385,Erythrocyte distribution width [Ratio],Measurement,LOINC,Lab Test,S,30385-9,1970-01-01,2099-12-31,
3002736,Platelet distribution width [Entitic volume] in Blood by Automated count,Measurement,LOINC,Lab Test,S,32207-3,1970-01-01,2099-12-31,
3004249,Systolic blood pressure,Measurement,LOINC,Clinical Observation,S,8480-6,1996-09-06,2099-12-31,
3004295,Urea nitrogen [Mass/volume] in Blood,Measurement,LOINC,Lab Test,S,6299-2,1970-01-01,2099-12-31,
3004410,Hemoglobin A1c/Hemoglobin.total in Blood,Measurement,LOINC,Lab Test,S,4548-4,1970-01-01,2099-12-31,
3004501,Glucose [Mass/volume] in Serum or Plasma,Measurement,LOINC,Lab Test,S,2345-7,1970-01-01,2099-12-31,
3005136,Cladosporium herbarum IgE Ab [Units/volume] in Serum,Measurement,LOINC,Lab Test,S,6075-6,1970-01-01,2099-12-31,
3005456,Potassium [Moles/volume] in Blood,Measurement,LOINC,Lab Test,S,6298-4,1970-01-01,2099-12-31,
3005897,Protein [Mass/volume] in Urine by Test strip,Measurement,LOINC,Lab Test,S,5804-0,1970-01-01,2099-12-31,
3006322,Oral temperature,Measurement,LOINC,Clinical Observation,S,8331-1,1996-09-06,2099-12-31,
3006451,Walnut IgE Ab [Units/volume] in Serum,Measurement,LOINC,Lab Test,S,6273-7,1970-01-01,2099-12-31,
3006513,Bilirubin.total [Mass/volume] in Urine by Test strip,Measurement,LOINC,Lab Test,S,20505-4,1970-01-01,2099-12-31,
3006734,White Oak IgE Ab [Units/volume] in Serum,Measurement,LOINC,Lab Test,S,6189-5,1970-01-01,2099-12-31,
3006906,Calcium [Mass/volume] in Serum or Plasma,Measurement,LOINC,Lab Test,S,17861-6,1998-07-09,2099-12-31,
3006923,Alanine aminotransferase [Enzymatic activity/volume] in Serum or Plasma,Measurement,LOINC,Lab Test,S,1742-6,1970-01-01,2099-12-31,
3007070,Cholesterol in HDL [Mass/volume] in Serum or Plasma,Measurement,LOINC,Lab Test,S,2085-9,1970-01-01,2099-12-31,
3007461,Platelets [#/volume] in Blood,Measurement,LOINC,Lab Test,S,26515-7,1970-01-01,2099-12-31,
3007876,Appearance of Urine,Measurement,LOINC,Lab Test,S,5767-9,1970-01-01,2099-12-31,
3008204,Clarity of Urine,Measurement,LOINC,Lab Test,S,32167-9,1970-01-01,2099-12-31,
3008598,Thyroxine (T4) free [Mass/volume] in Serum or Plasma,Measurement,LOINC,Lab Test,S,3024-7,1970-01-01,2099-12-31,
3009201,Thyrotropin [Units/volume] in Serum or Plasma,Measurement,LOINC,Lab Test,S,3016-3,1970-01-01,2099-12-31,
3009261,Glucose [Presence] in Urine by Test strip,Measurement,LOINC,Lab Test,S,25428-4,1970-01-01,2099-12-31,
3009542,Hematocrit [Volume Fraction] of Blood,Measurement,LOINC,Lab Test,S,20570-8,1970-01-01,2099-12-31,
3009744,MCHC [Mass/volume] by Automated count,Measurement,LOINC,Lab Test,S,786-4,1970-01-01,2099-12-31,
3009966,Cholesterol in LDL [Mass/volume] in Serum or Plasma by Direct assay,Measurement,LOINC,Lab Test,S,18262-6,1998-08-25,2099-12-31,
3010813,Leukocytes [#/volume] in Blood,Measurement,LOINC,Lab Test,S,26464-8,1970-01-01,2099-12-31,
3011397,Hemoglobin [Presence] in Urine by Test strip,Measurement,LOINC,Lab Test,S,5794-3,1970-01-01,2099-12-31,
3011505,FEV1/FVC,Measurement,LOINC,Clinical Observation,S,19926-5,1970-01-01,2099-12-31,
3012030,MCH [Entitic mass] by Automated count,Measurement,LOINC,Lab Test,S,785-6,1970-01-01,2099-12-31,
3012494,Peanut IgE Ab [Units/volume] in Serum,Measurement,LOINC,Lab Test,S,6206-7,1970-01-01,2099-12-31,
3012888,Diastolic blood pressure,Measurement,LOINC,Clinical Observation,S,8462-4,1996-09-06,2099-12-31,
3013603,Prostate specific Ag [Mass/volume] in Serum or Plasma,Measurement,LOINC,Lab Test,S,2857-1,1970-01-01,2099-12-31,
3013682,Urea nitrogen [Mass/volume] in Serum or Plasma,Measurement,LOINC,Lab Test,S,3094-0,1970-01-01,2099-12-31,
3013721,Aspartate aminotransferase [Enzymatic activity/volume] in Serum or Plasma,Measurement,LOINC,Lab Test,S,1920-8,1970-01-01,2099-12-31,
3014051,Protein [Presence] in Urine by Test strip,Measurement,LOINC,Lab Test,S,20454-5,1970-01-01,2099-12-31,
3014094,"Carbon dioxide, total [Moles/volume] in Blood",Measurement,LOINC,Lab Test,S,20565-8,1970-01-01,2099-12-31,
3014576,Chloride [Moles/volume] in Serum or Plasma,Measurement,LOINC,Lab Test,S,2075-0,1970-01-01,2099-12-31,
3014599,Egg white IgE Ab [Units/volume] in Serum,Measurement,LOINC,Lab Test,S,6106-9,1970-01-01,2099-12-31,
3014902,Physical findings of Prostate,Measurement,LOINC,Clinical Observation,S,32465-7,2002-08-09,2099-12-31,
3015076,Soybean IgE Ab [Units/volume] in Serum,Measurement,LOINC,Lab Test,S,6248-9,1970-01-01,2099-12-31,
3015182,Erythrocyte distribution width [Entitic volume] by Automated count,Measurement,LOINC,Lab Test,S,21000-5,1970-01-01,2099-12-31,
3015632,"Carbon dioxide, total [Moles/volume] in Serum or Plasma",Measurement,LOINC,Lab Test,S,2028-9,1970-01-01,2099-12-31,
3016723,Creatinine [Mass/volume] in Serum or Plasma,Measurement,LOINC,Lab Test,S,2160-0,1970-01-01,2099-12-31,
3018572,Chloride [Moles/volume] in Blood,Measurement,LOINC,Lab Test,S,2069-3,1970-01-01,2099-12-31,
3018834,Bilirubin.total [Presence] in Urine by Test strip,Measurement,LOINC,Lab Test,S,5770-3,1970-01-01,2099-12-31,
3019406,Latex IgE Ab [Units/volume] in Serum,Measurement,LOINC,Lab Test,S,6158-0,1970-01-01,2099-12-31,
3019550,Sodium [Moles/volume] in Serum or Plasma,Measurement,LOINC,Lab Test,S,2951-2,1970-01-01,2099-12-31,
3020416,Erythrocytes [#/volume] in Blood by Automated count,Measurement,LOINC,Lab Test,S,789-8,1970-01-01,2099-12-31,
3020630,Protein [Mass/volume] in Serum or Plasma,Measurement,LOINC,Lab Test,S,2885-2,1970-01-01,2099-12-31,
3020655,Honey bee IgE Ab [Units/volume] in Serum,Measurement,LOINC,Lab Test,S,6844-5,1970-01-01,2099-12-31,
3021226,Shrimp IgE Ab [Units/volume] in Serum,Measurement,LOINC,Lab Test,S,6246-3,1970-01-01,2099-12-31,
3021601,Nitrite [Presence] in Urine by Test strip,Measurement,LOINC,Lab Test,S,5802-4,1970-01-01,2099-12-31,
3022192,Triglyceride [Mass/volume] in Serum or Plasma,Measurement,LOINC,Lab Test,S,2571-8,1970-01-01,2099-12-31,
3022621,pH of Urine by Test strip,Measurement,LOINC,Lab Test,S,5803-2,1970-01-01,2099-12-31,
3023103,Potassium [Moles/volume] in Serum or Plasma,Measurement,LOINC,Lab Test,S,2823-3,1970-01-01,2099-12-31,
3023314,Hematocrit [Volume Fraction] of Blood by Automated count,Measurement,LOINC,Lab Test,S,4544-3,1970-01-01,2099-12-31,
3023430,Cat dander IgE Ab [Units/volume] in Serum,Measurement,LOINC,Lab Test,S,6833-8,1970-01-01,2099-12-31,
3023539,Ketones [Mass/volume] in Urine by Test strip,Measurement,LOINC,Lab Test,S,5797-6,1970-01-01,2099-12-31,
3023599,MCV [Entitic volume] by Automated count,Measurement,LOINC,Lab Test,S,787-2,1970-01-01,2099-12-31,
3024128,Bilirubin.total [Mass/volume] in Serum or Plasma,Measurement,LOINC,Lab Test,S,1975-2,1970-01-01,2099-12-31,
3024561,Albumin [Mass/volume] in Serum or Plasma,Measurement,LOINC,Lab Test,S,1751-7,1970-01-01,2099-12-31,
3024629,Glucose [Mass/volume] in Urine by Test strip,Measurement,LOINC,Lab Test,S,5792-7,1970-01-01,2099-12-31,
3024731,MCV [Entitic volume],Measurement,LOINC,Lab Test,S,30428-7,1970-01-01,2099-12-31,
3024929,Platelets [#/volume] in Blood by Automated count,Measurement,LOINC,Lab Test,S,777-3,1970-01-01,2099-12-31,
3025315,Body weight,Measurement,LOINC,Clinical Observation,S,29463-7,1970-01-01,2099-12-31,
3026361,Erythrocytes [#/volume] in Blood,Measurement,LOINC,Lab Test,S,26453-1,1970-01-01,2099-12-31,
3027114,Cholesterol [Mass/volume] in Serum or Plasma,Measurement,LOINC,Lab Test,S,2093-3,1970-01-01,2099-12-31,
3027162,Color of Urine,Measurement,LOINC,Lab Test,S,5778-6,1970-01-01,2099-12-31,
3027231,Wheat IgE Ab [Units/volume] in Serum,Measurement,LOINC,Lab Test,S,6276-0,1970-01-01,2099-12-31,
3027970,Globulin [Mass/volume] in Serum by calculation,Measurement,LOINC,Lab Test,S,10834-0,1970-01-01,2099-12-31,
3028833,Bilirubin.total [Mass/volume] in Blood,Measurement,LOINC,Lab Test,S,42719-5,2005-10-18,2099-12-31,
3030315,Polyp size greatest dimension,Measurement,LOINC,Lab Test,S,33756-8,1970-01-01,2099-12-31,
3031569,Natriuretic peptide B [Mass/volume] in Blood,Measurement,LOINC,Lab Test,S,42637-9,2005-10-11,2099-12-31,
3032503,Calcium [Mass/volume] in Blood,Measurement,LOINC,Lab Test,S,49765-1,2007-08-10,2099-12-31,
3035350,Ketones [Presence] in Urine by Test strip,Measurement,LOINC,Lab Test,S,2514-8,1970-01-01,2099-12-31,
3035995,Alkaline phosphatase [Enzymatic activity/volume] in Serum or Plasma,Measurement,LOINC,Lab Test,S,6768-6,1996-08-15,2099-12-31,
3036277,Body height,Measurement,LOINC,Clinical Observation,S,8302-2,1996-09-06,2099-12-31,
3036780,American house dust mite IgE Ab [Units/volume] in Serum,Measurement,LOINC,Lab Test,S,6095-4,1970-01-01,2099-12-31,
3038553,Body mass index (BMI) [Ratio],Measurement,LOINC,Clinical Observation,S,39156-5,1970-01-01,2099-12-31,
3043111,Platelet mean volume [Entitic volume] in Blood by Automated count,Measurement,LOINC,Lab Test,S,32623-1,1970-01-01,2099-12-31,
3045716,Anion gap in Serum or Plasma,Measurement,LOINC,Lab Test,S,33037-3,2002-11-06,2099-12-31,
3049273,DXA Radius and Ulna [T-score] Bone density,Measurement,LOINC,Clinical Observation,S,38265-5,1970-01-01,2099-12-31,
3051031,History of Hospitalizations+Outpatient visits Narrative,Observation,LOINC,Clinical Observation,S,46240-8,1970-01-01,2099-12-31,
3051673,US Guidance for biopsy of Prostate,Procedure,LOINC,Clinical Observation,S,46288-7,2006-07-28,2099-12-31,
3051825,Creatinine [Mass/volume] in Blood,Measurement,LOINC,Lab Test,S,38483-4,2004-10-20,2099-12-31,
4001336,Concussion injury of brain,Condition,SNOMED,Disorder,S,110030002,2002-01-31,2099-12-31,
4010253,Nasal sinus endoscopy,Procedure,SNOMED,Procedure,S,112790001,2002-01-31,2099-12-31,
4014117,Gonorrhea infection titer test,Measurement,SNOMED,Procedure,S,165829005,2002-01-31,2099-12-31,
4015052,"Hemogram, automated, with RBC, WBC, Hgb, Hct, Indices, Platelet count, and manual WBC differential",Measurement,SNOMED,Procedure,S,104091002,2002-01-31,2099-12-31,
4015590,Counseling for termination of pregnancy,Procedure,SNOMED,Procedure,S,10383002,2002-01-31,2099-12-31,
4015701,Cesarean section,Procedure,SNOMED,Procedure,S,11466000,2002-01-31,2099-12-31,
4018595,Measurement of Varicella-zoster virus antibody,Measurement,SNOMED,Procedure,S,104326007,2002-01-31,2099-12-31,
4018603,"Hepatitis C antibody, confirmatory test",Measurement,SNOMED,Procedure,S,104375008,2002-01-31,2099-12-31,
4021192,Suicide risk assessment,Procedure,SNOMED,Procedure,S,225337009,2002-01-31,2099-12-31,
4021336,At increased risk for suicide,Observation,SNOMED,Clinical Finding,S,225444004,2002-01-31,2099-12-31,
4024289,Radiography of ankle,Procedure,SNOMED,Procedure,,19490002,2002-01-31,2024-04-01,U
4024509,Urine culture,Measurement,SNOMED,Procedure,S,117010004,2002-01-31,2099-12-31,
4024958,Throat culture,Measurement,SNOMED,Procedure,S,117015009,2002-01-31,2099-12-31,
4029498,Seizure disorder,Condition,SNOMED,Disorder,S,128613002,2002-01-31,2099-12-31,
4035415,Tear of meniscus of knee,Condition,SNOMED,Disorder,S,239720000,2002-01-31,2099-12-31,
4035793,Pulmonary rehabilitation,Procedure,SNOMED,Procedure,S,15081005,2002-01-31,2099-12-31,
4037675,Brief general examination,Procedure,SNOMED,Procedure,S,162676008,2002-01-31,2099-12-31,
4038238,Suspected lung cancer,Observation,SNOMED,Context-dependent,S,162573006,2002-01-31,2099-12-31,
4041881,Urine protein test,Measurement,SNOMED,Procedure,,167271000,2002-01-31,2020-07-31,U
4043071,Cognitive and behavioral therapy,Procedure,SNOMED,Procedure,S,228557008,2002-01-31,2099-12-31,
4043241,Familial Alzheimer's disease of early onset,Condition,SNOMED,Disorder,S,230265002,2002-01-31,2099-12-31,
4047491,Radiography of humerus,Procedure,SNOMED,Procedure,,1225002,2002-01-31,2024-04-01,U
4048169,Allergy to dust mite protein,Observation,SNOMED,Clinical Finding,,232350006,2002-01-31,2099-12-31,
4048171,Perennial allergic rhinitis with seasonal variation,Condition,SNOMED,Disorder,S,232353008,2002-01-31,2099-12-31,
4048695,Fracture of vertebral column without spinal cord injury,Condition,SNOMED,Disorder,S,15724005,2002-01-31,2099-12-31,
4051466,Childhood asthma,Condition,SNOMED,Disorder,S,233678006,2002-01-31,2099-12-31,
4052083,Measurement of respiratory function,Measurement,SNOMED,Procedure,,23426006,2002-01-31,2099-12-31,
4055754,Impacted molars,Condition,SNOMED,Disorder,S,196416002,2002-01-31,2099-12-31,
4055982,Sputum microscopy,Measurement,SNOMED,Procedure,S,167995008,2002-01-31,2099-12-31,
4056621,Recurrent urinary tract infection,Condition,SNOMED,Disorder,S,197927001,2002-01-31,2099-12-31,
4057420,Catheter ablation of tissue of heart,Procedure,SNOMED,Procedure,S,18286008,2002-01-31,2099-12-31,
4058899,Plain X-ray of clavicle,Procedure,SNOMED,Procedure,S,168594001,2002-01-31,2099-12-31,
4059173,Fracture of ankle,Condition,SNOMED,Disorder,S,16114001,2002-01-31,2099-12-31,
4059978,Implantation of subcutaneous contraceptive,Procedure,SNOMED,Procedure,S,169553002,2002-01-31,2099-12-31,
4060266,Antenatal RhD antibody screening,Measurement,SNOMED,Procedure,S,169673001,2002-01-31,2099-12-31,
4060626,Ultrasound scan for fetal viability,Procedure,SNOMED,Procedure,S,169230002,2002-01-31,2099-12-31,
4060985,Body mass index 30+ - obesity,Observation,SNOMED,Clinical Finding,S,162864005,2002-01-31,2099-12-31,
4061811,Rubella screening,Procedure,SNOMED,Procedure,,169690007,2002-01-31,2019-07-31,U
4062501,Asthma screening,Measurement,SNOMED,Procedure,S,171231001,2002-01-31,2099-12-31,
4064377,Depression screening,Measurement,SNOMED,Procedure,S,171207006,2002-01-31,2099-12-31,
4068785,Diagnostic fiberoptic bronchoscopy,Procedure,SNOMED,Procedure,,173160006,2002-01-31,2022-03-31,U
4073422,Spontaneous breech delivery,Procedure,SNOMED,Procedure,S,177157003,2002-01-31,2099-12-31,
4075363,Auscultation of the fetal heart,Procedure,SNOMED,Procedure,S,225158009,2002-01-31,2099-12-31,
4078199,Epidural anesthesia,Procedure,SNOMED,Procedure,S,18946005,2002-01-31,2099-12-31,
4078285,Alpha-fetoprotein test - antenatal,Measurement,SNOMED,Procedure,S,275833003,2002-01-31,2099-12-31,
4078393,Miscarriage in first trimester,Condition,SNOMED,Disorder,S,19169002,2002-01-31,2099-12-31,
4078793,Direct current cardioversion,Procedure,SNOMED,Procedure,S,180325003,2002-01-31,2099-12-31,
4079749,Osteoarthritis of hip,Condition,SNOMED,Disorder,S,239872002,2002-01-31,2099-12-31,
4079750,Osteoarthritis of knee,Condition,SNOMED,Disorder,S,239873007,2002-01-31,2099-12-31,
4084167,Acute allergic reaction,Condition,SNOMED,Disorder,S,241929008,2002-01-31,2099-12-31,
4091461,Standard pregnancy test,Measurement,SNOMED,Procedure,S,252160004,2002-01-31,2099-12-31,
4094814,Bullet wound,Condition,SNOMED,Disorder,S,262574004,2002-01-31,2099-12-31,
4102123,Allergy to latex,Observation,SNOMED,Clinical Finding,,300916003,2002-01-31,2021-01-31,D
4102154,"Skin test for tuberculosis, Tine test",Measurement,SNOMED,Procedure,S,28163009,2002-01-31,2099-12-31,
4107731,Subcutaneous immunotherapy,Procedure,SNOMED,Procedure,S,180256009,2002-01-31,2099-12-31,
4108705,Intravenous blood transfusion of packed cells,Procedure,SNOMED,Procedure,S,180207008,2002-01-31,2099-12-31,
4109685,Laceration of foot,Condition,SNOMED,Disorder,S,284551006,2002-01-31,2099-12-31,
4110591,Small cell carcinoma of lung,Condition,SNOMED,Disorder,S,254632001,2002-01-31,2099-12-31,
4111608,Normal fetal growth,Observation,SNOMED,Clinical Finding,S,181833004,2002-01-31,2099-12-31,
4112343,Acute viral pharyngitis,Condition,SNOMED,Disorder,S,195662009,2002-01-31,2099-12-31,
4113008,Laceration of hand,Condition,SNOMED,Disorder,S,284549007,2002-01-31,2099-12-31,
4115276,Non-small cell lung cancer,Condition,SNOMED,Disorder,S,254637007,2002-01-31,2099-12-31,
4116491,Urinary tract infection caused by Escherichia coli,Condition,SNOMED,Disorder,S,301011002,2002-01-31,2099-12-31,
4117038,Ligation of bilateral fallopian tubes,Procedure,SNOMED,Procedure,S,287664005,2002-01-31,2099-12-31,
4120314,Hypertriglyceridemia,Condition,SNOMED,Disorder,S,302870006,2002-01-31,2099-12-31,
4125906,Suture open wound,Procedure,SNOMED,Procedure,S,288086009,2002-01-31,2099-12-31,
4127235,Methotrexate injection into tubal pregnancy,Procedure,SNOMED,Procedure,S,236931002,2002-01-31,2099-12-31,
4127260,Augmentation of labor,Procedure,SNOMED,Procedure,S,237001001,2002-01-31,2099-12-31,
4128031,Instrumental delivery,Procedure,SNOMED,Procedure,S,236974004,2002-01-31,2099-12-31,
4129902,Neoplasm of prostate,Condition,SNOMED,Disorder,S,126906006,2002-01-31,2099-12-31,
4132546,Traumatic brain injury,Condition,SNOMED,Disorder,S,127295002,2002-01-31,2099-12-31,
4133840,Spirometry,Measurement,SNOMED,Procedure,S,127783003,2002-01-31,2099-12-31,
4134304,Fracture subluxation of wrist,Condition,SNOMED,Disorder,S,263102004,2002-01-31,2099-12-31,
4134565,Hearing examination,Procedure,SNOMED,Procedure,S,398171003,2003-07-31,2099-12-31,
4136494,HIV antigen test,Measurement,SNOMED,Procedure,S,31676001,2002-01-31,2099-12-31,
4139681,Allergy to dairy food,Observation,SNOMED,Clinical Finding,,425525006,2007-07-31,2021-01-31,D
4142905,Fracture of rib,Condition,SNOMED,Disorder,S,33737001,2002-01-31,2099-12-31,
4145310,Pelvis X-ray,Procedure,SNOMED,Procedure,,268425006,2002-01-31,2024-04-01,U
4146173,Injury of tendon of the rotator cuff of shoulder,Condition,SNOMED,Disorder,S,307731004,2002-01-31,2099-12-31,
4146536,Renal dialysis,Procedure,SNOMED,Procedure,S,265764009,2002-01-31,2099-12-31,
4149245,Rupture of patellar tendon,Condition,SNOMED,Disorder,S,30832001,2002-01-31,2099-12-31,
4149386,Urine screening for glucose,Measurement,SNOMED,Procedure,S,268556000,2002-01-31,2099-12-31,
4149631,Chlamydia antigen test,Measurement,SNOMED,Procedure,S,310861008,2002-01-31,2099-12-31,
4150653,Fetal anatomy study,Procedure,SNOMED,Procedure,S,271442007,2002-01-31,2099-12-31,
4150970,Medical induction of labor,Procedure,SNOMED,Procedure,S,31208007,2002-01-31,2099-12-31,
4151408,Syphilis infectious titer test,Measurement,SNOMED,Procedure,S,269828009,2002-01-31,2099-12-31,
4151422,Sputum examination,Measurement,SNOMED,Procedure,S,269911007,2002-01-31,2099-12-31,
4152280,Major depressive disorder,Condition,SNOMED,Disorder,S,370143000,2002-07-31,2099-12-31,
4152936,Laceration of thigh,Condition,SNOMED,Disorder,S,283385000,2002-01-31,2099-12-31,
4155034,Laceration of forearm,Condition,SNOMED,Disorder,S,283371005,2002-01-31,2099-12-31,
4156265,Facial laceration,Condition,SNOMED,Disorder,S,370247008,2002-07-31,2099-12-31,
4163708,"Administration of diphtheria, pertussis, and tetanus vaccine",Procedure,SNOMED,Procedure,,399014008,2003-07-31,2099-12-31,
4163872,Plain X-ray of chest,Procedure,SNOMED,Procedure,S,399208008,2003-07-31,2099-12-31,
4163874,History of myocardial infarction,Observation,SNOMED,Context-dependent,,399211009,2003-07-31,2099-12-31,
4163951,Electrocardiographic procedure,Procedure,SNOMED,Procedure,S,29303009,2002-01-31,2099-12-31,
4163971,Laparoscopic cholecystectomy,Procedure,SNOMED,Procedure,S,45595009,2002-01-31,2099-12-31,
4166224,Rupture of appendix,Condition,SNOMED,Disorder,S,47693006,2002-01-31,2099-12-31,
4166761,Rectal polypectomy,Procedure,SNOMED,Procedure,S,274031008,2002-01-31,2099-12-31,
4168004,Burn injury,Observation,SNOMED,Morph Abnormality,S,48333001,2002-01-31,2099-12-31,
4168236,Evaluation of uterine fundal height,Procedure,SNOMED,Procedure,S,274804006,2002-01-31,2099-12-31,
4168615,Hepatitis B surface antigen measurement,Measurement,SNOMED,Procedure,S,47758006,2002-01-31,2099-12-31,
4169137,Allergy to wheat,Observation,SNOMED,Clinical Finding,,420174000,2006-01-31,2099-12-31,
4170947,Bone immobilization,Procedure,SNOMED,Procedure,S,274474001,2002-01-31,2099-12-31,
4174876,Allergy to bee venom,Observation,SNOMED,Clinical Finding,,424213003,2007-01-31,2099-12-31,
4180790,Malignant tumor of colon,Condition,SNOMED,Disorder,S,363406005,2002-01-31,2099-12-31,
4181781,Partial resection of colon,Procedure,SNOMED,Procedure,S,43075005,2002-01-31,2099-12-31,
4181917,Electroencephalogram,Procedure,SNOMED,Procedure,S,54550000,2002-01-31,2099-12-31,
4186930,Replacement of intrauterine contraceptive device,Procedure,SNOMED,Procedure,S,46706006,2002-01-31,2099-12-31,
4187458,Review of systems,Procedure,SNOMED,Procedure,S,415300000,2005-01-31,2099-12-31,
4191851,Urine screening test for diabetes,Measurement,SNOMED,Procedure,S,395123002,2003-01-31,2099-12-31,
4191853,Allergy screening test,Measurement,SNOMED,Procedure,S,395142003,2003-01-31,2099-12-31,
4195803,Bone density scan,Procedure,SNOMED,Procedure,S,312681000,2002-01-31,2099-12-31,
4196262,Metastasis from malignant tumor of prostate,Condition,SNOMED,Disorder,,314994000,2002-01-31,2023-03-31,U
4197460,Injection of epinephrine,Procedure,SNOMED,Procedure,,313191000,2002-01-31,2099-12-31,
4198190,Appendectomy,Procedure,SNOMED,Procedure,S,80146002,2002-01-31,2099-12-31,
4199276,Removal of subcutaneous contraceptive,Procedure,SNOMED,Procedure,S,301807007,2002-01-31,2099-12-31,
4199458,Passive immunization,Procedure,SNOMED,Procedure,S,51116004,2002-01-31,2099-12-31,
4202451,Fluoroscopy guided percutaneous mechanical thrombectomy of portal vein with contrast,Procedure,SNOMED,Procedure,S,433112001,2008-07-31,2099-12-31,
4202832,Intubation,Procedure,SNOMED,Procedure,S,52765003,2002-01-31,2099-12-31,
4203771,Total replacement of hip,Procedure,SNOMED,Procedure,S,52734007,2002-01-31,2099-12-31,
4208104,Drug overdose,Condition,SNOMED,Disorder,,55680006,2002-01-31,2021-07-31,D
4214376,Hyperglycemia,Condition,SNOMED,Disorder,S,80394007,2002-01-31,2099-12-31,
4216130,Percutaneous coronary intervention,Procedure,SNOMED,Procedure,S,415070008,2005-01-31,2099-12-31,
4217975,Normal pregnancy,Condition,SNOMED,Clinical Finding,S,72892002,2002-01-31,2099-12-31,
4218106,Alcoholism,Condition,SNOMED,Disorder,S,7200002,2002-01-31,2099-12-31,
4218389,Whiplash injury to neck,Condition,SNOMED,Disorder,S,39848009,2002-01-31,2099-12-31,
4219399,Allergy to fish,Observation,SNOMED,Clinical Finding,,417532002,2005-07-31,2099-12-31,
4226121,Retinopathy due to type 2 diabetes mellitus,Condition,SNOMED,Disorder,S,422034002,2006-07-31,2099-12-31,
4229440,Chronic congestive heart failure,Condition,SNOMED,Disorder,S,88805009,2002-01-31,2099-12-31,
4230399,Closed fracture of hip,Condition,SNOMED,Disorder,S,359817006,2002-01-31,2099-12-31,
4234541,"Cytopathology procedure, preparation of smear, genital source",Procedure,SNOMED,Procedure,S,90226004,2002-01-31,2099-12-31,
4235738,Prostatectomy,Procedure,SNOMED,Procedure,S,90470006,2002-01-31,2099-12-31,
4237458,Fracture of clavicle,Condition,SNOMED,Disorder,S,58150001,2002-01-31,2099-12-31,
4238715,Removal of intrauterine device,Procedure,SNOMED,Procedure,,68254000,2002-01-31,2023-01-31,D
4240305,Thoracentesis,Procedure,SNOMED,Procedure,S,91602002,2002-01-31,2099-12-31,
4240345,Physical examination,Procedure,SNOMED,Procedure,S,5880005,2002-01-31,2099-12-31,
4240902,Allergy to peanut,Observation,SNOMED,Clinical Finding,,91935009,2002-01-31,2099-12-31,
4242997,Cholecystectomy,Procedure,SNOMED,Procedure,S,38102005,2002-01-31,2099-12-31,
4243062,Radiography of wrist,Procedure,SNOMED,Procedure,,60027007,2002-01-31,2024-04-01,U
4245614,Bleeding from anus,Condition,SNOMED,Disorder,S,6072007,2002-01-31,2099-12-31,
4249893,Colonoscopy,Procedure,SNOMED,Procedure,S,73761001,2002-01-31,2099-12-31,
4252419,Radiologic examination of knee,Procedure,SNOMED,Procedure,,74016001,2002-01-31,2024-04-01,U
4254766,Digital examination of rectum,Procedure,SNOMED,Procedure,S,410006001,2004-07-31,2099-12-31,
4256640,Body mass index 40+ - severely obese,Observation,SNOMED,Clinical Finding,S,408512008,2004-01-31,2099-12-31,
4258677,Blood group typing,Measurement,SNOMED,Procedure,S,44608003,2002-01-31,2099-12-31,
4262136,Blighted ovum,Condition,SNOMED,Disorder,S,35999006,2002-01-31,2099-12-31,
4275113,Insertion of intrauterine contraceptive device,Procedure,SNOMED,Procedure,S,65200003,2002-01-31,2099-12-31,
4276519,Extraction of wisdom tooth,Procedure,SNOMED,Procedure,S,65546002,2002-01-31,2099-12-31,
4278515,Biopsy of prostate,Procedure,SNOMED,Procedure,S,65575008,2002-01-31,2099-12-31,
4278672,Fracture of forearm,Condition,SNOMED,Disorder,S,65966004,2002-01-31,2099-12-31,
4280726,Seasonal allergic rhinitis,Condition,SNOMED,Disorder,S,367498001,2002-01-31,2099-12-31,
4283893,Sinusitis,Condition,SNOMED,Disorder,S,36971009,2002-01-31,2099-12-31,
4285898,Polyp of colon,Condition,SNOMED,Disorder,S,68496003,2002-01-31,2099-12-31,
4293740,Injection of tetanus antitoxin,Procedure,SNOMED,Procedure,S,384700001,2003-01-31,2099-12-31,
4294513,Biopsy of colon,Procedure,SNOMED,Procedure,S,76164006,2002-01-31,2099-12-31,
4294548,Acute bacterial sinusitis,Condition,SNOMED,Disorder,S,75498004,2002-01-31,2099-12-31,
4295880,Intramuscular injection,Procedure,SNOMED,Procedure,S,76601001,2002-01-31,2099-12-31,
4296204,Epidermal burn of skin,Condition,SNOMED,Disorder,S,403190006,2003-07-31,2099-12-31,
4296205,Partial thickness burn,Condition,SNOMED,Disorder,S,403191005,2003-07-31,2099-12-31,
4299128,Full thickness burn,Condition,SNOMED,Disorder,S,403192003,2003-07-31,2099-12-31,
4301346,Surgical manipulation of shoulder joint,Procedure,SNOMED,Procedure,S,387685009,2003-01-31,2099-12-31,
4301557,Mental health screening,Measurement,SNOMED,Procedure,S,385892002,2003-01-31,2099-12-31,
4302207,Allergy to grass pollen,Observation,SNOMED,Clinical Finding,,418689008,2006-01-31,2099-12-31,
4302356,CT of chest and abdomen,Procedure,SNOMED,Procedure,S,418891003,2006-01-31,2099-12-31,
4304110,Allergy to mold,Observation,SNOMED,Clinical Finding,,419474003,2006-01-31,2099-12-31,
4304821,Streptococcus pneumoniae group B antigen assay,Measurement,SNOMED,Procedure,S,118001005,2002-01-31,2099-12-31,
4306014,Allergy to tree pollen,Observation,SNOMED,Clinical Finding,,419263009,2006-01-31,2099-12-31,
4310703,"Non-small cell carcinoma of lung, TNM stage 1",Condition,SNOMED,Disorder,S,424132000,2007-01-31,2099-12-31,
4311629,Impaired glucose tolerance,Condition,SNOMED,Disorder,S,9414007,2002-01-31,2099-12-31,
4311671,Episiotomy,Procedure,SNOMED,Procedure,S,85548006,2002-01-31,2099-12-31,
4323208,History of appendectomy,Observation,SNOMED,Context-dependent,,428251008,2008-01-31,2099-12-31,
4323902,Lung volume reduction surgery,Procedure,SNOMED,Procedure,S,429609002,2008-01-31,2099-12-31,
4324181,History of cardiac arrest,Observation,SNOMED,Context-dependent,,429007001,2008-01-31,2099-12-31,
4326177,Medication reconciliation,Procedure,SNOMED,Procedure,S,430193006,2008-07-31,2099-12-31,
4329847,Myocardial infarction,Condition,SNOMED,Disorder,S,22298006,2002-01-31,2099-12-31,
4330583,Vasectomy,Procedure,SNOMED,Procedure,S,22523008,2002-01-31,2099-12-31,
4331248,Fine needle aspiration biopsy of lung,Procedure,SNOMED,Procedure,S,432231006,2008-07-31,2099-12-31,
4336464,Coronary artery bypass graft,Procedure,SNOMED,Procedure,S,232717009,2002-01-31,2099-12-31,
4341247,Protracted diarrhea,Condition,SNOMED,Clinical Finding,S,236077008,2002-01-31,2099-12-31,
19003953,rocuronium,Drug,RxNorm,Ingredient,S,68139,1970-01-01,2099-12-31,
19006318,penicillin G 375 MG/ML Injectable Solution,Drug,RxNorm,Clinical Drug,S,105078,1970-01-01,2099-12-31,
19007333,methotrexate 10 MG Oral Tablet,Drug,RxNorm,Clinical Drug,S,105586,1970-01-01,2099-12-31,
19008572,hydrocortisone 10 MG/ML Topical Cream,Drug,RxNorm,Clinical Drug,S,106258,1970-01-01,2099-12-31,
19009384,"insulin isophane, human 70 UNT/ML / insulin, regular, human 30 UNT/ML Injectable Suspension [Humulin]",Drug,RxNorm,Branded Drug,S,106892,1970-01-01,2099-12-31,
19010482,cyclosporine,Drug,RxNorm,Ingredient,S,3008,1970-01-01,2099-12-31,
19016749,remifentanil,Drug,RxNorm,Ingredient,S,73032,1970-01-01,2099-12-31,
19018935,digoxin 0.125 MG Oral Tablet,Drug,RxNorm,Clinical Drug,S,197604,1970-01-01,2099-12-31,
19019273,naproxen 500 MG Oral Tablet,Drug,RxNorm,Clinical Drug,S,198014,1970-01-01,2099-12-31,
19019308,24 HR nicotine 0.292 MG/HR Transdermal System,Drug,RxNorm,Quant Clinical Drug,S,198031,1970-01-01,2099-12-31,
19019979,ibuprofen 100 MG Oral Tablet,Drug,RxNorm,Clinical Drug,S,198405,1970-01-01,2099-12-31,
19023398,sevoflurane 1000 MG/ML Inhalation Solution,Drug,RxNorm,Clinical Drug,S,200243,1970-01-01,2099-12-31,
19039298,sevoflurane,Drug,RxNorm,Ingredient,S,36453,1970-01-01,2099-12-31,
19054876,dienogest,Drug,RxNorm,Ingredient,S,22968,1970-01-01,2099-12-31,
19059056,aspirin 81 MG Oral Tablet,Drug,RxNorm,Clinical Drug,S,243670,1970-01-01,2099-12-31,
19073183,amoxicillin 250 MG Oral Capsule,Drug,RxNorm,Clinical Drug,S,308182,1970-01-01,2099-12-31,
19073188,amoxicillin 500 MG Oral Tablet,Drug,RxNorm,Clinical Drug,S,308192,1970-01-01,2099-12-31,
19074679,carbamazepine 20 MG/ML Oral Suspension [Tegretol],Drug,RxNorm,Branded Drug,S,308971,1970-01-01,2099-12-31,
19074841,12 HR cefaclor 500 MG Extended Release Oral Tablet,Drug,RxNorm,Quant Clinical Drug,S,309043,1970-01-01,2099-12-31,
19074843,cefaclor 250 MG Oral Capsule,Drug,RxNorm,Clinical Drug,S,309045,1970-01-01,2099-12-31,
19075001,cefuroxime 250 MG Oral Tablet,Drug,RxNorm,Clinical Drug,S,309097,1970-01-01,2099-12-31,
19075601,clopidogrel 75 MG Oral Tablet,Drug,RxNorm,Clinical Drug,S,309362,1970-01-01,2099-12-31,
19077344,ferrous sulfate 325 MG Oral Tablet,Drug,RxNorm,Clinical Drug,S,310325,1970-01-01,2099-12-31,
19077572,galantamine 4 MG Oral Tablet,Drug,RxNorm,Clinical Drug,S,310436,1970-01-01,2099-12-31,
19078219,sufentanil,Drug,RxNorm,Ingredient,S,56795,1970-01-01,2099-12-31,
19078461,ibuprofen 200 MG Oral Tablet,Drug,RxNorm,Clinical Drug,S,310965,1970-01-01,2099-12-31,
19078924,midazolam 1 MG/ML Injectable Solution,Drug,RxNorm,Clinical Drug,S,311700,1970-01-01,2099-12-31,
19079524,sodium chloride 9 MG/ML Injectable Solution,Drug,RxNorm,Clinical Drug,S,313002,1970-01-01,2099-12-31,
19081453,hydrochlorothiazide 25 MG,Drug,RxNorm,Clinical Drug Comp,S,316049,1970-01-01,2099-12-31,
19081456,hydrochlorothiazide 6.25 MG,Drug,RxNorm,Clinical Drug Comp,S,316052,1970-01-01,2099-12-31,
19083100,sertraline 100 MG,Drug,RxNorm,Clinical Drug Comp,S,328670,1970-01-01,2099-12-31,
19103068,fluoxetine 25 MG,Drug,RxNorm,Clinical Drug Comp,S,406022,1970-01-01,2099-12-31,
19112599,chlorpheniramine maleate 2 MG/ML Oral Solution,Drug,RxNorm,Clinical Drug,S,477045,1970-01-01,2099-12-31,
19115351,diazepam 5 MG [Valium],Drug,RxNorm,Branded Drug Comp,S,563026,2005-09-11,2099-12-31,
19123231,atomoxetine 100 MG Oral Capsule,Drug,RxNorm,Clinical Drug,S,608139,2006-02-26,2099-12-31,
19125062,loratadine 5 MG Chewable Tablet,Drug,RxNorm,Clinical Drug,S,665078,2006-12-17,2099-12-31,
19126352,nitroglycerin 0.4 MG/ACTUAT Mucosal Spray,Drug,RxNorm,Clinical Drug,S,705129,2007-05-27,2099-12-31,
19127890,inert ingredients,Drug,RxNorm,Ingredient,S,748794,2007-12-30,2099-12-31,
19127904,{24 (drospirenone 3 MG / ethinyl estradiol 0.02 MG Oral Tablet) / 4 (inert ingredients 1 MG Oral Tablet) } Pack [Yaz 28 Day],Drug,RxNorm,Branded Pack,S,748856,2007-12-30,2099-12-31,
19127918,{21 (ethinyl estradiol 0.03 MG / levonorgestrel 0.15 MG Oral Tablet) / 7 (inert ingredients 1 MG Oral Tablet) } Pack [Levora 0.15/30 28 Day],Drug,RxNorm,Branded Pack,S,748879,2007-12-30,2099-12-31,
19127922,{28 (norethindrone 0.35 MG Oral Tablet) } Pack [Camila 28 Day],Drug,RxNorm,Branded Pack,S,748962,2007-12-30,2099-12-31,
19128009,{7 (ethinyl estradiol 0.01 MG Oral Tablet) / 84 (ethinyl estradiol 0.03 MG / levonorgestrel 0.15 MG Oral Tablet) } Pack [Seasonique],Drug,RxNorm,Branded Pack,S,749762,2007-12-30,2099-12-31,
19128022,{7 (ethinyl estradiol 0.035 MG / norgestimate 0.18 MG Oral Tablet) / 7 (ethinyl estradiol 0.035 MG / norgestimate 0.215 MG Oral Tablet) / 7 (ethinyl estradiol 0.035 MG / norgestimate 0.25 MG Oral Tablet) / 7 (inert ingredients 1 MG Oral Tablet) } Pack...,Drug,RxNorm,Branded Pack,S,749785,2007-12-30,2099-12-31,
19128065,{7 (inert ingredients 1 MG Oral Tablet) / 21 (mestranol 0.05 MG / norethindrone 1 MG Oral Tablet) } Pack [Norinyl 1+50 28 Day],Drug,RxNorm,Branded Pack,S,749882,2007-12-30,2099-12-31,
19128263,{7 (ethinyl estradiol 0.035 MG / norgestimate 0.18 MG Oral Tablet) / 7 (ethinyl estradiol 0.035 MG / norgestimate 0.215 MG Oral Tablet) / 7 (ethinyl estradiol 0.035 MG / norgestimate 0.25 MG Oral Tablet) / 7 (inert ingredients 1 MG Oral Tablet) } Pack...,Drug,RxNorm,Branded Pack,S,751905,2008-01-27,2099-12-31,
19129144,{28 (norethindrone 0.35 MG Oral Tablet) } Pack [Jolivette 28 Day],Drug,RxNorm,Branded Pack,S,757594,2008-03-02,2099-12-31,
19129655,ampicillin 100 MG/ML Injectable Solution,Drug,RxNorm,Clinical Drug,S,789980,2008-03-30,2099-12-31,
19132304,levonorgestrel 0.000833 MG/HR Intrauterine System [Mirena],Drug,RxNorm,Branded Drug,S,807283,2008-09-28,2099-12-31,
19133679,{28 (norethindrone 0.35 MG Oral Tablet) } Pack [Errin 28 Day],Drug,RxNorm,Branded Pack,S,831533,2009-03-01,2099-12-31,
19133768,acetaminophen 750 MG / hydrocodone bitartrate 7.5 MG Oral Tablet,Drug,RxNorm,Clinical Drug,S,833036,2009-03-01,2099-12-31,
19133873,penicillin V potassium 250 MG Oral Tablet,Drug,RxNorm,Clinical Drug,S,834061,2009-03-01,2099-12-31,
19133905,penicillin V potassium 500 MG Oral Tablet,Drug,RxNorm,Clinical Drug,S,834102,2009-03-01,2099-12-31,
19134077,"cyclosporine, modified 100 MG [Neoral]",Drug,RxNorm,Branded Drug Comp,S,835900,2009-04-05,2099-12-31,
21494966,Physical findings of Abdomen by Palpation,Measurement,LOINC,Clinical Observation,S,80271-0,2016-06-24,2099-12-31,
35603924,10 ML oxaliplatin 5 MG/ML Injection,Drug,RxNorm,Quant Clinical Drug,S,1736776,2016-05-02,2099-12-31,
35604087,cisplatin 50 MG Injection,Drug,RxNorm,Clinical Drug,S,1736854,2016-05-02,2099-12-31,
35605482,2 ML ondansetron 2 MG/ML Injection,Drug,RxNorm,Quant Clinical Drug,S,1740467,2016-05-02,2099-12-31,
35605858,1 ML morphine sulfate 5 MG/ML Injection,Drug,RxNorm,Quant Clinical Drug,S,1732136,2016-05-02,2099-12-31,
35606289,etoposide 100 MG Injection,Drug,RxNorm,Clinical Drug,S,1734340,2016-05-02,2099-12-31,
37016354,Neuropathy due to type 2 diabetes mellitus,Condition,SNOMED,Disorder,S,368581000119106,2016-01-31,2099-12-31,
37017023,Recurrent rectal polyp,Condition,SNOMED,Disorder,S,713197008,2016-01-31,2099-12-31,
37017711,Allergy to soy,Observation,SNOMED,Disorder,,714035009,2016-01-31,2019-01-31,D
37018340,Induced termination of pregnancy,Procedure,SNOMED,Procedure,S,714812005,2016-01-31,2099-12-31,
37395648,"Primary small cell malignant neoplasm of lung, TNM stage 1",Condition,SNOMED,Disorder,S,67811000119102,2016-07-31,2099-12-31,
37395717,Depression screening using PHQ-9 (Patient Health Questionnaire 9) score,Measurement,SNOMED,Procedure,,715252007,2016-07-31,2099-12-31,
38000177,Prescription written,Type Concept,Drug Type,Drug Type,,OMOP4822241,1970-01-01,2099-12-31,
38000275,EHR order list entry,Type Concept,Procedure Type,Procedure Type,,OMOP4822376,1970-01-01,2099-12-31,
38000276,Problem list from EHR,Type Concept,Observation Type,Observation Type,,OMOP4822310,1970-01-01,2099-12-31,
38000280,Observation recorded from EHR,Type Concept,Observation Type,Observation Type,,OMOP4822314,1970-01-01,2099-12-31,
38003563,Hispanic or Latino,Ethnicity,Ethnicity,Ethnicity,S,Hispanic,1970-01-01,2099-12-31,
40162522,acetaminophen 325 MG / hydrocodone bitartrate 7.5 MG Oral Tablet,Drug,RxNorm,Clinical Drug,S,857005,2009-08-02,2099-12-31,
40162603,acetaminophen 300 MG / hydrocodone bitartrate 10 MG Oral Tablet,Drug,RxNorm,Clinical Drug,S,856980,2009-08-02,2099-12-31,
40163554,warfarin sodium 5 MG Oral Tablet,Drug,RxNorm,Clinical Drug,S,855332,2009-08-02,2099-12-31,
40163924,24 HR metformin hydrochloride 500 MG Extended Release Oral Tablet,Drug,RxNorm,Quant Clinical Drug,S,860975,2009-09-06,2099-12-31,
40164493,colchicine 0.6 MG [Colcrys],Drug,RxNorm,Branded Drug Comp,S,858069,2009-09-06,2099-12-31,
40165015,meperidine hydrochloride 50 MG Oral Tablet,Drug,RxNorm,Clinical Drug,S,861467,2009-09-06,2099-12-31,
40166274,insulin lispro 100 UNT/ML Injectable Solution [Humalog],Drug,RxNorm,Branded Drug,S,865098,2009-10-04,2099-12-31,
40166825,24 HR metoprolol succinate 100 MG Extended Release Oral Tablet [Toprol],Drug,RxNorm,Quant Branded Drug,S,866414,2009-11-01,2099-12-31,
40169216,120 ACTUAT fluticasone propionate 0.044 MG/ACTUAT Metered Dose Inhaler,Drug,RxNorm,Quant Clinical Drug,S,895994,2010-01-31,2099-12-31,
40169222,3 ML liraglutide 6 MG/ML Pen Injector,Drug,RxNorm,Quant Clinical Drug,S,897122,2010-01-31,2099-12-31,
40169281,60 ACTUAT fluticasone propionate 0.25 MG/ACTUAT / salmeterol 0.05 MG/ACTUAT Dry Powder Inhaler,Drug,RxNorm,Quant Clinical Drug,S,896209,2010-01-31,2099-12-31,
40170911,liraglutide,Drug,RxNorm,Ingredient,S,475968,2010-01-31,2099-12-31,
40171902,verapamil hydrochloride 40 MG,Drug,RxNorm,Clinical Drug Comp,S,897718,2010-02-28,2099-12-31,
40173590,alendronic acid 10 MG Oral Tablet,Drug,RxNorm,Clinical Drug,S,904419,2010-04-04,2099-12-31,
40174880,levothyroxine sodium 0.075 MG Oral Tablet,Drug,RxNorm,Clinical Drug,S,966222,2010-04-04,2099-12-31,
40213154,"Influenza, split virus, trivalent, injectable, preservative free",Drug,CVX,CVX,S,140,2011-11-04,2099-12-31,
40213160,"poliovirus vaccine, inactivated",Drug,CVX,CVX,S,10,2008-12-01,2099-12-31,
40213180,"meningococcal polysaccharide (groups A, C, Y and W-135) diphtheria toxoid conjugate vaccine (MCV4P)",Drug,CVX,CVX,S,114,2008-12-01,2099-12-31,
40213183,"measles, mumps and rubella virus vaccine",Drug,CVX,Vaccine Group,S,03,2008-12-01,2099-12-31,
40213198,"pneumococcal conjugate vaccine, 13 valent",Drug,CVX,CVX,S,133,2009-10-15,2099-12-31,
40213201,"pneumococcal polysaccharide vaccine, 23 valent",Drug,CVX,Vaccine Group,S,33,2008-12-01,2099-12-31,
40213216,"rotavirus, live, monovalent vaccine",Drug,CVX,CVX,S,119,2008-12-01,2099-12-31,
40213227,"tetanus and diphtheria toxoids, adsorbed, preservative free, for adult use (5 Lf of tetanus toxoid and 2 Lf of diphtheria toxoid)",Drug,CVX,CVX,S,113,2008-12-01,2099-12-31,
40213230,"tetanus toxoid, reduced diphtheria toxoid, and acellular pertussis vaccine, adsorbed",Drug,CVX,Vaccine Group,S,115,2008-12-01,2099-12-31,
40213251,varicella virus vaccine,Drug,CVX,Vaccine Group,S,21,2008-12-01,2099-12-31,
40213260,"zoster vaccine, live",Drug,CVX,CVX,S,121,2008-12-01,2099-12-31,
40213281,"diphtheria, tetanus toxoids and acellular pertussis vaccine",Drug,CVX,CVX,S,20,2008-12-01,2099-12-31,
40213296,"hepatitis A vaccine, adult dosage",Drug,CVX,CVX,S,52,2008-12-01,2099-12-31,
40213299,"hepatitis A vaccine, pediatric/adolescent dosage, 2 dose schedule",Drug,CVX,CVX,S,83,2008-12-01,2099-12-31,
40213304,"hepatitis B vaccine, pediatric or pediatric/adolescent dosage",Drug,CVX,CVX,S,08,2008-12-01,2099-12-31,
40213306,"hepatitis B vaccine, adult dosage",Drug,CVX,CVX,S,43,2008-12-01,2099-12-31,
40213314,"Haemophilus influenzae type b vaccine, PRP-OMP conjugate",Drug,CVX,CVX,S,49,2008-12-01,2099-12-31,
40213320,"human papilloma virus vaccine, quadrivalent",Drug,CVX,CVX,S,62,2008-12-01,2099-12-31,
40220386,100 ML propofol 10 MG/ML Injection,Drug,RxNorm,Quant Clinical Drug,S,1808217,2016-10-03,2099-12-31,
40220871,leucovorin 100 MG Injection,Drug,RxNorm,Clinical Drug,S,1803932,2016-10-03,2099-12-31,
40220960,alteplase 100 MG Injection,Drug,RxNorm,Clinical Drug,S,1804799,2016-10-03,2099-12-31,
40221415,{5 (dienogest 2 MG / estradiol valerate 2 MG Oral Tablet) / 17 (dienogest 3 MG / estradiol valerate 2 MG Oral Tablet) / 2 (estradiol valerate 1 MG Oral Tablet) / 2 (estradiol valerate 3 MG Oral Tablet) / 2 (inert ingredients 1 MG Oral Tablet) } Pack [N...,Drug,RxNorm,Branded Pack,S,978950,2010-06-06,2099-12-31,
40222846,memantine hydrochloride 2 MG/ML Oral Solution,Drug,RxNorm,Clinical Drug,S,996740,2010-07-04,2099-12-31,
40223768,donepezil hydrochloride 10 MG Oral Tablet,Drug,RxNorm,Clinical Drug,S,997223,2010-08-01,2099-12-31,
40223774,donepezil hydrochloride 23 MG [Aricept],Drug,RxNorm,Branded Drug Comp,S,998582,2010-08-01,2099-12-31,
40223821,fexofenadine hydrochloride 30 MG Oral Tablet,Drug,RxNorm,Clinical Drug,S,997488,2010-08-01,2099-12-31,
40223834,fexofenadine hydrochloride 60 MG Oral Tablet,Drug,RxNorm,Clinical Drug,S,997501,2010-08-01,2099-12-31,
40224132,0.65 ML medroxyprogesterone acetate 160 MG/ML Prefilled Syringe,Drug,RxNorm,Quant Clinical Drug,S,1000156,2010-09-05,2099-12-31,
40224805,1 ML medroxyprogesterone acetate 150 MG/ML Injection,Drug,RxNorm,Quant Clinical Drug,S,1000126,2010-09-05,2099-12-31,
40228230,cetirizine hydrochloride 5 MG Oral Tablet,Drug,RxNorm,Clinical Drug,S,1014676,2010-10-31,2099-12-31,
40229134,acetaminophen 21.7 MG/ML / dextromethorphan hydrobromide 1 MG/ML / doxylamine succinate 0.417 MG/ML Oral Solution,Drug,RxNorm,Clinical Drug,S,1043400,2010-12-05,2099-12-31,
40231925,acetaminophen 325 MG / oxycodone hydrochloride 5 MG Oral Tablet,Drug,RxNorm,Clinical Drug,S,1049221,2011-01-02,2099-12-31,
40232448,diphenhydramine hydrochloride 25 MG Oral Tablet,Drug,RxNorm,Clinical Drug,S,1049630,2011-01-02,2099-12-31,
40236446,methylphenidate hydrochloride 20 MG Oral Tablet,Drug,RxNorm,Clinical Drug,S,1091392,2011-03-06,2099-12-31,
40236824,phenazopyridine hydrochloride 100 MG Oral Tablet,Drug,RxNorm,Clinical Drug,S,1094107,2011-04-03,2099-12-31,
40243436,1 ML atropine sulfate 1 MG/ML Injection,Drug,RxNorm,Quant Clinical Drug,S,1190795,2011-11-06,2099-12-31,
40318618,Complete miscarriage,Condition,SNOMED,Disorder,S,156073000,2013-07-31,2099-12-31,
40479422,Injury of medial collateral ligament of knee,Condition,SNOMED,Disorder,S,444448004,2010-01-31,2099-12-31,
40479768,Injury of anterior cruciate ligament,Condition,SNOMED,Disorder,S,444470001,2010-01-31,2099-12-31,
40480160,Osteoporotic fracture,Condition,SNOMED,Disorder,S,443165006,2010-01-31,2099-12-31,
40481087,Viral sinusitis,Condition,SNOMED,Disorder,S,444814009,2010-07-31,2099-12-31,
40481948,Detection of chromosomal aneuploidy in prenatal amniotic fluid specimen using FISH screening technique,Procedure,SNOMED,Procedure,S,443529005,2010-01-31,2099-12-31,
40486433,Perennial allergic rhinitis,Condition,SNOMED,Disorder,S,446096008,2011-01-31,2099-12-31,
40492359,Insertion of biventricular implantable cardioverter defibrillator,Procedure,SNOMED,Procedure,,447365002,2011-01-31,2024-05-01,U
40493226,Excision of fallopian tube and surgical removal of ectopic pregnancy,Procedure,SNOMED,Procedure,S,445912000,2011-01-31,2099-12-31,
40758406,HIV status,Observation,LOINC,Clinical Observation,S,55277-8,2009-03-26,2099-12-31,
40761014,Hemoglobin.gastrointestinal.lower [Presence] in Stool by Immunoassay --1st specimen,Measurement,LOINC,Lab Test,S,57905-2,2009-11-18,2099-12-31,
40766240,Are you covered by health insurance or some other kind of health care plan [PhenX],Observation,LOINC,Clinical Observation,S,63513-6,2011-02-17,2099-12-31,
40769179,Percentage area affected by eczema Head and Neck [PhenX],Measurement,LOINC,Clinical Observation,S,66519-0,2011-06-17,2099-12-31,
40769184,Percentage area affected by eczema Upper extremity - bilateral [PhenX],Measurement,LOINC,Clinical Observation,S,66524-0,2011-06-17,2099-12-31,
40769189,Percentage area affected by eczema Trunk [PhenX],Measurement,LOINC,Clinical Observation,S,66529-9,2011-06-17,2099-12-31,
40769194,Percentage area affected by eczema Lower extremity - bilateral [PhenX],Measurement,LOINC,Clinical Observation,S,66534-9,2011-06-17,2099-12-31,
42529398,Mental health Telehealth Note,Note,LOINC,Clinical Observation,S,84215-3,2017-02-21,2099-12-31,
42535580,"Ultrasonography of abdomen, right upper quadrant and epigastrium",Procedure,SNOMED,Procedure,S,426701000119108,2018-01-31,2099-12-31,
42707627,rocuronium bromide 10 MG/ML Injectable Solution,Drug,RxNorm,Clinical Drug,S,1234995,2012-05-07,2099-12-31,
42709996,Smokes tobacco daily,Observation,SNOMED,Clinical Finding,,449868002,2012-01-31,2099-12-31,
42898298,acetaminophen 300 MG / hydrocodone bitartrate 5 MG [Vicodin],Drug,RxNorm,Branded Drug Comp,S,1310197,2012-10-01,2099-12-31,
42902245,{5 (ethinyl estradiol 0.02 MG / norethindrone acetate 1 MG Oral Tablet) / 7 (ethinyl estradiol 0.03 MG / norethindrone acetate 1 MG Oral Tablet) / 9 (ethinyl estradiol 0.035 MG / norethindrone acetate 1 MG Oral Tablet) / 7 (ferrous fumarate 75 MG Oral...,Drug,RxNorm,Branded Pack,S,1359133,2012-12-03,2099-12-31,
43012433,21 DAY ethinyl estradiol 0.000625 MG/HR / etonogestrel 0.005 MG/HR Vaginal System [NuvaRing],Drug,RxNorm,Quant Branded Drug,S,1367439,2013-02-04,2099-12-31,
43012754,levonorgestrel 0.00354 MG/HR Drug Implant,Drug,RxNorm,Clinical Drug,S,1366343,2013-02-04,2099-12-31,
43054909,Tobacco smoking status,Observation,LOINC,Clinical Observation,S,72166-2,2012-12-28,2099-12-31,
43055141,Pain severity - 0-10 verbal numeric rating [Score] - Reported,Measurement,LOINC,Clinical Observation,S,72514-3,2012-12-28,2099-12-31,
43526465,canagliflozin,Drug,RxNorm,Ingredient,S,1373458,2013-05-06,2099-12-31,
43526467,canagliflozin 100 MG Oral Tablet,Drug,RxNorm,Clinical Drug,S,1373463,2013-05-06,2099-12-31,
43530652,Chronic intractable migraine without aura,Condition,SNOMED,Disorder,S,124171000119105,2013-07-31,2099-12-31,
43530656,Nonproliferative retinopathy due to type 2 diabetes mellitus,Condition,SNOMED,Disorder,S,1551000119108,2013-07-31,2099-12-31,
43530685,Proliferative retinopathy due to type 2 diabetes mellitus,Condition,SNOMED,Disorder,S,1501000119109,2013-07-31,2099-12-31,
44783196,Surgical manipulation of joint of knee,Procedure,SNOMED,Procedure,S,699253003,2014-01-31,2099-12-31,
44784284,MRI for measurement of brain volume,Procedure,SNOMED,Procedure,S,698354004,2014-01-31,2099-12-31,
44786664,Weight difference [Mass difference] --pre dialysis - post dialysis,Measurement,LOINC,Clinical Observation,S,74006-8,2013-07-22,2099-12-31,
44805732,Reinsertion of subcutaneous contraceptive,Procedure,SNOMED,Procedure,S,755621000000101,2010-10-01,2099-12-31,
44814724,Period covering healthcare encounters,Type Concept,Obs Period Type,Obs Period Type,,OMOP4822291,1970-01-01,2099-12-31,
44816277,168 HR ethinyl estradiol 0.00146 MG/HR / norelgestromin 0.00625 MG/HR Transdermal System,Drug,RxNorm,Quant Clinical Drug,S,1534809,2014-05-05,2099-12-31,
44818517,Visit derived from encounter on claim,Type Concept,Visit Type,Visit Type,,OMOP4822465,1970-01-01,2099-12-31,
45757499,Proteinuria due to type 2 diabetes mellitus,Condition,SNOMED,Disorder,S,157141000119108,2015-01-31,2099-12-31,
45763582,Blindness due to type 2 diabetes mellitus,Condition,SNOMED,Disorder,S,60951000119105,2015-01-31,2099-12-31,
45766064,History of single seizure,Observation,SNOMED,Context-dependent,,703151001,2014-07-31,2023-12-01,U
45766298,Combined chemotherapy and radiation therapy,Procedure,SNOMED,Procedure,S,703423002,2014-07-31,2099-12-31,
45769905,Microalbuminuria due to type 2 diabetes mellitus,Condition,SNOMED,Disorder,S,90781000119102,2015-01-31,2099-12-31,
45770830,Macular edema and retinopathy due to type 2 diabetes mellitus,Condition,SNOMED,Disorder,S,97331000119101,2015-01-31,2099-12-31,
45892894,24 HR donepezil hydrochloride 10 MG / memantine hydrochloride 28 MG Extended Release Oral Capsule,Drug,RxNorm,Quant Clinical Drug,S,1599803,2015-03-02,2099-12-31,
46221581,insulin isophane,Drug,RxNorm,Ingredient,S,1605101,2015-05-04,2099-12-31,
46221626,levonorgestrel 0.000813 MG/HR Intrauterine System [Liletta],Drug,RxNorm,Branded Drug,S,1605257,2015-05-04,2099-12-31,
46233710,doxycycline monohydrate 100 MG Oral Tablet,Drug,RxNorm,Clinical Drug,S,1650142,2015-07-06,2099-12-31,
46233988,doxycycline monohydrate 50 MG Oral Tablet,Drug,RxNorm,Clinical Drug,S,1652673,2015-07-06,2099-12-31,
46235010,Mental health Outpatient Note,Note,LOINC,Clinical Observation,S,75443-2,2014-11-13,2099-12-31,
46235214,Sexual orientation,Observation,LOINC,Clinical Observation,S,76690-7,2015-03-13,2099-12-31,
46236952,"Glomerular filtration rate/1.73 sq M.predicted [Volume Rate/Area] in Serum, Plasma or Blood by Creatinine-based formula (MDRD)",Measurement,LOINC,Lab Test,S,77147-7,2015-05-15,2099-12-31,
46275444,piperacillin 4000 MG / tazobactam 500 MG Injection,Drug,RxNorm,Clinical Drug,S,1659149,2015-09-08,2099-12-31,
46275916,1 ML epinephrine 1 MG/ML Injection,Drug,RxNorm,Quant Clinical Drug,S,1660014,2015-09-08,2099-12-31,
45905770,Patient Self-Reported Condition,Type Concept,Condition Type,Condition Type,,OMOP4822157,1970-01-01,2099-12-31,
